duration,peer00,peer01,peer02,peer03,peer04,peer05,peer06,peer07,peer08,peer09,peer10,peer11,peer12,peer13,peer14,peer15,peer16,peer17,peer18,peer19,peer20,peer21,peer22,peer23,peer24,peer25,peer26,peer27,peer28,peer29,peer30,peer31,peer32,peer33,peer34,peer35,peer36,peer37,peer38,peer39,peer40,peer41,peer42,peer43,peer44,peer45,peer46,peer47,peer48,peer49,peer50,peer51,peer52,peer53,peer54,peer55,peer56,peer57,peer58,peer59,peer60,peer61,peer62,peer63,peer64,peer65,peer66,peer67,peer68,peer69,peer70,peer71,peer72,peer73,peer74,peer75,peer76,peer77,peer78,peer79,peer80,peer81,peer82,peer83,peer84,peer85,peer86,peer87,peer88,peer89,peer90,peer91,peer92,peer93,peer94,peer95,peer96,peer97,peer98,peer99
0,0,0,0,0,0,0,0,0,0,0,0,0,0,0,0,0,0,0,0,0,0,0,0,0,0,0,0,0,0,0,0,0,0,0,0,0,0,0,0,0,0,0,0,0,0,0,0,0,0,0,0,0,0,0,0,0,0,0,0,0,0,0,0,0,0,0,0,0,0,0,0,0,0,0,0,0,0,0,0,0,0,0,0,0,0,0,0,0,0,0,0,0,0.004,0,0,0,0,0,0,0
5,0,0,0,0,0,0,0,0,0,0,0,0,0,0,0,0,0,0,0,0,0,0,0,0,0,0,0,0,0,0,0,0,0,0,0,0,0,0,0,0,0,0,0,0,0,0,0,0,0,0,0,0,0,0,0,0,0,0,0,0,0,0,0,0,0,0,0,0,0,0,0,0,0,0,0,0,0,0,0,0,0,0,0,0,0,0,0,0,0,0,0,0,0.0051,0,0,0,0,0,0,0
10,0,0,0,0,0,0,0,0,0,0,0,0,0,0,0,0,0,0,0,0,0,0,0,0,0,0,0,0,0,0,0,0,0,0,0,0,0,0,0,0,0,0,0,0,0,0,0,0,0,0,0,0,0,0,0,0,0,0,0,0,0,0,0,0,0,0,0,0,0,0,0,0,0,0,0,0,0,0,0,0,0,0,0,0,0,0,0,0,0,0,0,0,0.0051,0,0,0,0,0,0,0
15,0,0,0,0,0,0,0,0,0,0,0,0,0,0,0,0,0,0,0,0,0,0,0,0,0,0,0,0,0,0,0,0,0,0,0,0,0,0,0,0,0,0,0,0,0,0,0,0,0,0,0,0,0,0,0,0,0,0,0,0,0,0,0,0,0,0,0,0,0,0,0,0,0,0,0,0,0,0,0,0,0,0,0,0,0,0,0,0,0,0,0,0,0.0051,0,0,0,0,0,0,0
20,0,0,0,0,0,0,0,0,0,0,0,0,0,0,0,0,0,0,0,0,0,0,0,0,0,0,0,0,0,0,0,0,0,0,0,0,0,0,0,0,0,0,0,0,0,0,0,0,0,0,0,0,0,0,0,0,0,0,0,0,0,0,0,0,0,0,0,0,0,0,0,0,0,0,0,0,0,0,0,0,0,0,0,0,0,0,0,0,0,0,0,0,0.0051,0,0,0,0,0,0,0
25,0,0,0,0,0,0,0,0,0,0,0,0,0,0,0,0,0,0,0,0,0,0,0,0,0,0,0,0,0,0,0,0,0,0,0,0,0,0,0,0,0,0,0,0,0,0,0,0,0,0,0,0,0,0,0,0,0,0,0,0,0,0,0,0,0,0,0,0,0,0,0,0,0,0,0,0,0,0,0,0,0,0,0,0,0,0,0,0,0,0,0,0,0.0051,0,0,0,0,0,0,0
30,0,0,0,0,0,0,0,0,0,0,0,0,0,0,0,0,0,0,0,0,0,0,0,0,0,0,0,0,0,0,0,0,0,0,0,0,0,0,0,0,0,0,0,0,0,0,0,0,0,0,0,0,0,0,0,0,0,0,0,0,0,0,0,0,0,0,0,0,0,0,0,0,0,0,0,0,0,0,0,0,0,0,0,0,0,0,0,0,0,0,0,0,0.0051,0,0,0,0,0,0,0
35,0,0,0,0,0,0,0,0,0,0,0,0,0,0,0,0,0,0,0,0,0,0,0,0,0,0,0,0,0,0,0,0,0,0,0,0,0,0,0,0,0,0,0,0,0,0,0,0,0,0,0,0,0,0,0,0,0,0,0,0,0,0,0,0,0,0,0,0,0,0,0,0,0,0,0,0,0,0,0,0,0,0,0,0,0,0,0,0,0,0,0,0,0.0051,0,0,0,0,0,0,0
40,0,0,0,0,0,0,0,0,0,0,0,0,0,0,0,0,0,0,0,0,0,0,0,0,0,0,0,0,0,0,0,0,0,0,0,0,0,0,0,0,0,0,0,0,0,0,0,0,0,0,0,0,0,0,0,0,0,0,0,0,0,0,0,0,0,0,0,0,0,0,0,0,0,0,0,0,0,0,0,0,0,0,0,0,0,0,0,0,0,0,0,0,0.0051,0,0,0,0,0,0,0
45,0,0,0,0,0,0,0,0,0,0,0,0,0,0,0,0,0,0,0,0,0,0,0,0,0,0,0,0,0,0,0,0,0,0,0,0,0,0,0,0,0,0,0,0,0,0,0,0,0,0,0,0,0,0,0,0,0,0,0,0,0,0,0,0,0,0,0,0,0,0,0,0,0,0,0,0,0,0,0,0,0,0,0,0,0,0,0,0,0,0,0,0,0.0051,0,0,0,0,0,0,0
50,0,0,0,0,0,0,0,0,0,0,0,0,0,0,0,0,0,0,0,0,0,0,0,0,0,0,0,0,0,0,0,0,0,0,0,0,0,0,0,0,0,0,0,0,0,0,0,0,0,0,0,0,0,0,0,0,0,0,0,0,0,0,0,0,0,0,0,0,0,0,0,0,0,0,0,0,0,0,0,0,0,0,0,0,0,0,0,0,0,0,0,0,0.0051,0,0,0,0,0,0,0
55,0,0,0,0,0,0,0,0,0,0,0,0,0,0,0,0,0,0,0,0,0,0,0,0,0,0,0,0,0,0,0,0,0,0,0,0,0,0,0,0,0,0,0,0,0,0,0,0,0,0,0,0,0,0,0,0,0,0,0,0,0,0,0,0,0,0,0,0,0,0,0,0,0,0,0,0,0,0,0,0,0,0,0,0,0,0,0,0,0,0,0,0,0.0051,0,0,0,0,0,0,0
60,0,0,0,0,0,0,0,0,0,0,0,0,0,0,0,0,0,0,0,0,0,0,0,0,0,0,0,0,0,0,0,0,0,0,0,0,0,0,0,0,0,0,0,0,0,0,0,0,0,0,0,0,0,0,0,0,0,0,0,0,0,0,0,0,0,0,0,0,0,0,0,0,0,0,0,0,0,0,0,0,0,0,0,0,0,0,0,0,0,0,0,0,0.0051,0,0,0,0,0,0,0
65,0,0,0,0,0,0,0,0,0,0,0,0,0,0,0,0,0,0,0,0,0,0,0,0,0,0,0,0,0,0,0,0,0,0,0,0,0,0,0,0,0,0,0,0,0,0,0,0,0,0,0,0,0,0,0,0,0,0,0,0,0,0,0,0,0,0,0,0,0,0,0,0,0,0,0,0,0,0,0,0,0,0,0,0,0,0,0,0,0,0,0,0,0.0051,0,0,0,0,0,0,0
70,0,0,0,0,0,0,0,0,0,0,0,0,0,0,0,0,0,0,0,0,0,0,0,0,0,0,0,0,0,0,0,0,0,0,0,0,0,0,0,0,0,0,0,0,0,0,0,0,0,0,0,0,0,0,0,0,0,0,0,0,0,0,0,0,0,0,0,0,0,0,0,0,0,0,0,0,0,0,0,0,0,0,0,0,0,0,0,0,0,0,0,0,0.0051,0,0,0,0,0,0,0
75,0,0,0,0,0,0,0,0,0,0,0,0,0,0,0,0,0,0,0,0,0,0,0,0,0,0,0,0,0,0,0,0,0,0,0,0,0,0,0,0,0,0,0,0,0,0,0,0,0,0,0,0,0,0,0,0,0,0,0,0,0,0,0,0,0,0,0,0,0,0,0,0,0,0,0,0,0,0,0,0,0,0,0,0,0,0,0,0,0,0,0,0,0.0051,0,0,0,0,0,0,0
80,0,0,0,0,0,0,0,0,0,0,0,0,0,0,0,0,0,0,0,0,0,0,0,0,0,0,0,0,0,0,0,0,0,0,0,0,0,0,0,0,0,0,0,0,0,0,0,0,0,0,0,0,0,0,0,0,0,0,0,0,0,0,0,0,0,0,0,0,0,0,0,0,0,0,0,0,0,0,0,0,0,0,0,0,0,0,0,0,0,0,0,0,0.0051,0,0,0,0,0,0,0
85,0,0,0,0,0,0,0,0,0,0,0,0,0,0,0,0,0,0,0,0,0,0,0,0,0,0,0,0,0,0,0,0,0,0,0,0,0,0,0,0,0,0,0,0,0,0,0,0,0,0,0,0,0,0,0,0,0,0,0,0,0,0,0,0,0,0,0,0,0,0,0,0,0,0,0,0,0,0,0,0,0,0,0,0,0,0,0,0,0,0,0,0,0.0051,0,0,0,0,0,0,0
90,0,0,0,0,0,0,0,0,0,0,0,0,0,0,0,0,0,0,0,0,0,0,0,0,0,0,0,0,0,0,0,0,0,0,0,0,0,0,0,0,0,0,0,0,0,0,0,0,0,0,0,0,0,0,0,0,0,0,0,0,0,0,0,0,0,0,0,0,0,0,0,0,0,0,0,0,0,0,0,0,0,0,0,0,0,0,0,0,0,0,0,0,0.0051,0,0,0,0,0,0,0
95,0,0,0,0,0,0.0001,0,0,0,0,0,0,0,0,0,0,0,0,0,0,0,0,0,0,0,0,0,0,0,0,0,0,0,0,0,0,0,0,0,0,0,0,0,0,0,0,0,0,0,0,0,0,0,0,0,0,0,0,0,0,0,0,0,0,0,0,0,0,0,0,0,0,0,0,0,0,0,0,0,0,0,0,0,0,0,0,0,0,0,0,0,0,0.0051,0,0,0,0,0,0,0
100,0,0,0.0001,0,0,0.0004,0,0,0,0,0,0,0,0,0,0,0,0,0,0,0,0,0,0,0,0,0,0,0,0,0,0,0,0,0,0,0,0,0,0,0,0,0,0,0,0,0,0,0,0,0,0,0,0,0,0,0,0,0,0,0,0,0,0,0,0,0,0,0,0,0,0,0,0,0,0,0,0,0,0,0,0,0,0,0,0,0,0,0,0,0,0,0.0051,0,0,0,0,0,0,0
105,0,0,0.0009,0,0,0.001,0,0,0,0,0,0,0,0,0,0,0,0,0,0,0,0,0,0,0,0,0,0,0,0,0,0,0,0,0,0,0,0,0,0,0,0,0,0,0,0,0,0,0,0,0,0,0,0,0,0,0,0,0,0,0,0,0,0,0,0,0,0,0,0,0,0,0,0,0,0,0,0,0,0,0,0,0,0,0,0,0,0,0,0,0,0,0.0051,0,0,0,0,0,0,0
110,0.0003,0,0.0028,0,0,0.002,0,0,0,0.0002,0,0,0,0,0.0003,0,0,0,0,0,0,0,0,0,0,0,0,0,0,0,0,0,0,0,0,0,0,0,0,0,0,0,0,0,0,0,0,0,0,0,0,0,0,0,0,0,0,0,0,0,0,0,0,0,0,0,0,0,0,0,0,0,0,0,0,0,0,0,0,0,0,0,0,0,0,0,0,0,0,0,0,0,0.0051,0,0,0,0,0,0,0
115,0.0018,0,0.0059,0.0002,0.0001,0.0032,0,0.0003,0.0003,0.0016,0,0,0.0002,0,0.0008,0.0009,0.0013,0,0,0,0,0,0,0,0,0,0,0,0,0,0,0,0,0,0,0,0,0,0,0,0,0,0,0,0,0,0,0,0,0,0,0,0,0,0,0,0,0,0,0,0,0,0,0,0,0,0,0,0,0,0,0,0,0,0,0,0,0,0,0,0,0,0,0,0,0,0,0,0,0,0,0,0.0051,0,0,0,0,0,0,0
120,0.0046,0.0006,0.0099,0.0023,0.0001,0.0048,0.0001,0.0016,0.002,0.0044,0.0004,0.0005,0.0015,0.0001,0.001,0.0013,0.003,0.0011,0,0,0,0,0,0,0,0,0,0,0,0,0,0,0,0,0,0,0,0,0,0,0,0,0,0,0,0,0,0,0,0,0,0,0,0,0,0,0,0,0,0,0,0,0,0,0,0,0,0,0,0,0,0,0,0,0,0,0,0,0,0,0,0,0,0,0,0,0,0,0,0,0,0,0.0051,0,0,0,0,0,0,0
125,0.0086,0.0029,0.0154,0.006,0.0017,0.0066,0.0019,0.0042,0.0057,0.008,0.0032,0.003,0.0044,0.0024,0.003,0.005,0.0072,0.0034,0.0022,0.0006,0,0,0,0,0,0,0,0,0,0,0,0,0,0,0,0,0,0,0,0,0,0,0,0,0,0,0,0,0,0,0,0,0,0,0,0,0,0,0,0,0,0,0,0,0,0,0,0,0,0,0,0,0,0,0,0,0,0,0,0,0,0,0,0,0,0,0,0,0,0,0,0,0.0051,0,0,0,0,0,0,0
130,0.0157,0.0085,0.0192,0.0142,0.005,0.011,0.0056,0.0086,0.0158,0.0138,0.0082,0.0106,0.0109,0.0074,0.007,0.0101,0.0138,0.0105,0.0087,0.0065,0,0,0,0,0,0,0,0,0,0,0,0,0,0,0,0,0,0,0,0,0,0,0,0,0,0,0,0,0,0,0,0,0,0,0,0,0,0,0,0,0,0,0,0,0,0,0,0,0,0,0,0,0,0,0,0,0,0,0,0,0,0,0,0,0,0,0,0,0,0,0,0,0.0051,0,0,0,0,0,0,0
135,0.0248,0.0193,0.0217,0.0266,0.0151,0.0208,0.015,0.015,0.0287,0.0215,0.0149,0.0275,0.0221,0.018,0.0154,0.0199,0.0266,0.0219,0.0228,0.0158,0.0074,0.0026,0,0,0,0,0,0,0,0,0,0,0,0,0,0,0,0,0,0,0,0,0,0,0,0,0,0,0,0,0,0,0,0,0,0,0,0,0,0,0,0,0,0,0,0,0,0,0,0,0,0,0,0,0,0,0,0,0,0,0,0,0,0,0,0,0,0,0,0,0,0,0.0051,0,0,0,0,0,0,0
140,0.038,0.0364,0.0263,0.0438,0.0324,0.034,0.0287,0.0318,0.0475,0.0333,0.0266,0.0441,0.0412,0.0347,0.0313,0.0319,0.038,0.0388,0.0398,0.0307,0.0237,0.0195,0,0,0,0,0,0,0,0,0,0,0,0,0,0,0,0,0,0,0,0,0,0,0,0,0,0,0,0,0,0,0,0,0,0,0,0,0,0,0,0,0,0,0,0,0,0,0,0,0,0,0,0,0,0,0,0,0,0,0,0,0,0,0,0,0,0,0,0,0,0,0.0051,0,0,0,0,0,0,0
145,0.0519,0.0537,0.045,0.0577,0.0517,0.0474,0.0442,0.0505,0.0587,0.0461,0.043,0.0588,0.0552,0.0524,0.0442,0.0451,0.0496,0.0551,0.0542,0.0484,0.0461,0.044,0.0072,0.0027,0,0,0,0,0,0,0,0,0,0,0,0,0,0,0,0,0,0,0,0,0,0,0,0,0,0,0,0,0,0,0,0,0,0,0,0,0,0,0,0,0,0,0,0,0,0,0,0,0,0,0,0,0,0,0,0,0,0,0,0,0,0,0,0,0,0,0,0,0.0051,0,0,0,0,0,0,0
150,0.0627,0.0654,0.0667,0.0759,0.0681,0.0632,0.0603,0.0625,0.0665,0.0563,0.0588,0.0726,0.0666,0.0676,0.0543,0.0582,0.0686,0.0641,0.0654,0.0629,0.0611,0.064,0.0238,0.0146,0.0004,0,0,0,0,0,0,0,0,0,0,0,0,0,0,0,0,0,0,0,0,0,0,0,0,0,0,0,0,0,0,0,0,0,0,0,0,0,0,0,0,0,0,0,0,0,0,0,0,0,0,0,0,0,0,0,0,0,0,0,0,0,0,0,0,0,0,0,0.0051,0,0,0,0,0,0,0
155,0.0718,0.0817,0.0841,0.0906,0.0835,0.0798,0.0777,0.0764,0.0747,0.0696,0.0734,0.0899,0.0774,0.0848,0.0651,0.0772,0.0853,0.0795,0.0712,0.0776,0.0739,0.0794,0.0465,0.0373,0.0057,0.0013,0,0,0,0,0,0,0,0,0,0,0,0,0,0,0,0,0,0,0,0,0,0,0,0,0,0,0,0,0,0,0,0,0,0,0,0,0,0,0,0,0,0,0,0,0,0,0,0,0,0,0,0,0,0,0,0,0,0,0,0,0,0,0,0,0,0,0.0051,0,0,0,0,0,0,0
160,0.0781,0.0989,0.1011,0.1027,0.0985,0.095,0.0935,0.0949,0.0934,0.0785,0.0899,0.098,0.0925,0.1042,0.0885,0.092,0.1037,0.0974,0.09,0.0927,0.095,0.0963,0.0729,0.0677,0.0175,0.0073,0.0026,0,0,0,0,0,0,0,0,0,0,0,0,0,0,0,0,0,0,0,0,0,0,0,0,0,0,0,0,0,0,0,0,0,0,0,0,0,0,0,0,0,0,0,0,0,0,0,0,0,0,0,0,0,0,0,0,0,0,0,0,0,0,0,0,0,0.0051,0,0,0,0,0,0,0
165,0.0882,0.1144,0.1156,0.1138,0.1105,0.1067,0.1107,0.1074,0.1149,0.0901,0.1087,0.1145,0.1096,0.1144,0.1025,0.1006,0.1149,0.1109,0.1123,0.1092,0.1092,0.1092,0.0889,0.0944,0.0369,0.0185,0.0124,0.0029,0.0009,0,0,0,0,0,0,0,0,0,0,0,0,0,0,0,0,0,0,0,0,0,0,0,0,0,0,0,0,0,0,0,0,0,0,0,0,0,0,0,0,0,0,0,0,0,0,0,0,0,0,0,0,0,0,0,0,0,0,0,0,0,0,0,0.0051,0,0,0,0,0,0,0
170,0.1098,0.1276,0.1274,0.1317,0.1258,0.1211,0.1201,0.1089,0.1303,0.1105,0.1195,0.1348,0.1284,0.1298,0.1154,0.1177,0.1202,0.1252,0.1258,0.1242,0.1225,0.1209,0.1108,0.1248,0.0648,0.0336,0.0271,0.011,0.0076,0,0,0,0,0,0,0,0,0,0,0,0,0,0,0,0,0,0,0,0,0,0,0,0,0,0,0,0,0,0,0,0,0,0,0,0,0,0,0,0,0,0,0,0,0,0,0,0,0,0,0,0,0,0,0,0,0,0,0,0,0,0,0,0.0051,0,0,0,0,0,0,0
175,0.1326,0.1427,0.1409,0.1455,0.1399,0.1345,0.1329,0.1279,0.1449,0.1278,0.1286,0.1463,0.1402,0.1452,0.1317,0.1332,0.1365,0.1388,0.1392,0.1389,0.1384,0.1393,0.1283,0.135,0.1026,0.0571,0.0501,0.0269,0.0218,0.006,0.0014,0,0,0,0,0,0,0,0,0,0,0,0,0,0,0,0,0,0,0,0,0,0,0,0,0,0,0,0,0,0,0,0,0,0,0,0,0,0,0,0,0,0,0,0,0,0,0,0,0,0,0,0,0,0,0,0,0,0,0,0,0,0.0051,0,0,0,0,0,0,0
180,0.1448,0.1571,0.1532,0.1597,0.1571,0.1446,0.1492,0.1459,0.155,0.1464,0.1425,0.156,0.1527,0.1564,0.1448,0.1432,0.1478,0.1502,0.1455,0.1524,0.1467,0.1541,0.145,0.1515,0.1289,0.0816,0.0803,0.0517,0.044,0.0208,0.0097,0.0005,0,0,0,0,0,0,0,0,0,0,0,0,0,0,0,0,0,0,0,0,0,0,0,0,0,0,0,0,0,0,0,0,0,0,0,0,0,0,0,0,0,0,0,0,0,0,0,0,0,0,0,0,0,0,0,0,0,0,0,0,0.0051,0,0,0,0,0,0,0
185,0.161,0.1771,0.1644,0.1729,0.1721,0.1579,0.1664,0.1602,0.1702,0.1594,0.1618,0.1725,0.1709,0.1703,0.1602,0.1558,0.1694,0.1633,0.1612,0.1663,0.1665,0.1719,0.1573,0.17,0.1497,0.1043,0.115,0.0846,0.0709,0.0446,0.0267,0.0109,0.001,0,0,0,0,0,0,0,0,0,0,0,0,0,0,0,0,0,0,0,0,0,0,0,0,0,0,0,0,0,0,0,0,0,0,0,0,0,0,0,0,0,0,0,0,0,0,0,0,0,0,0,0,0,0,0,0,0,0,0,0.0051,0,0,0,0,0,0,0
190,0.1759,0.1858,0.1834,0.1869,0.1884,0.1783,0.1802,0.18,0.1933,0.1687,0.1799,0.1928,0.1963,0.1837,0.1765,0.1695,0.1896,0.183,0.172,0.1798,0.179,0.1877,0.1773,0.1875,0.1682,0.1281,0.1521,0.1168,0.1116,0.0763,0.0575,0.0378,0.0106,0.001,0,0,0,0,0,0,0,0,0,0,0,0,0,0,0,0,0,0,0,0,0,0,0,0,0,0,0,0,0,0,0,0,0,0,0,0,0,0,0,0,0,0,0,0,0,0,0,0,0,0,0,0,0,0,0,0,0,0,0.0051,0,0,0,0,0,0,0
195,0.1927,0.1965,0.1996,0.2014,0.2042,0.1985,0.2002,0.1953,0.2083,0.1879,0.1975,0.2076,0.21,0.1968,0.1949,0.1929,0.2034,0.1965,0.1867,0.1912,0.1993,0.2037,0.1972,0.2061,0.1861,0.157,0.1702,0.1479,0.1433,0.1112,0.0895,0.077,0.0277,0.0095,0.0009,0.0002,0,0,0,0,0,0,0,0,0,0,0,0,0,0,0,0,0,0,0,0,0,0,0,0,0,0,0,0,0,0,0,0,0,0,0,0,0,0,0,0,0,0,0,0,0,0,0,0,0,0,0,0,0,0,0,0,0.0051,0,0,0,0,0,0,0
200,0.2097,0.2114,0.2195,0.2224,0.2144,0.2105,0.2132,0.2168,0.2235,0.21,0.2117,0.2196,0.2283,0.2109,0.2105,0.2135,0.2204,0.2192,0.2103,0.214,0.2103,0.226,0.2076,0.2207,0.202,0.1801,0.191,0.1744,0.1812,0.1439,0.1382,0.112,0.0505,0.029,0.0066,0.0089,0,0,0,0,0,0,0,0,0,0,0,0,0,0,0,0,0,0,0,0,0,0,0,0,0,0,0,0,0,0,0,0,0,0,0,0,0,0,0,0,0,0,0,0,0,0,0,0,0,0,0,0,0,0,0,0,0.0051,0,0,0,0,0,0,0
205,0.2308,0.2329,0.2391,0.2399,0.2282,0.2232,0.2316,0.2339,0.2424,0.2323,0.2308,0.2347,0.2386,0.2287,0.2243,0.2329,0.2349,0.2359,0.2322,0.2292,0.2309,0.2382,0.2234,0.231,0.223,0.2175,0.2124,0.2045,0.2028,0.2002,0.1777,0.1645,0.0857,0.0785,0.021,0.0286,0.0025,0.0007,0,0,0,0,0,0,0,0,0,0,0,0,0,0,0,0,0,0,0,0,0,0,0,0,0,0,0,0,0,0,0,0,0,0,0,0,0,0,0,0,0,0,0,0,0,0,0,0,0,0,0,0,0,0,0.0051,0,0,0,0,0,0,0
210,0.2502,0.2549,0.2563,0.2584,0.2476,0.2437,0.2452,0.2455,0.26,0.2443,0.2457,0.2537,0.2512,0.2493,0.2428,0.2456,0.2548,0.247,0.2415,0.2463,0.2406,0.2522,0.2356,0.2449,0.2325,0.235,0.2294,0.2296,0.229,0.2266,0.2031,0.201,0.114,0.1161,0.0379,0.0559,0.0124,0.0091,0.0001,0,0,0,0,0,0,0,0,0,0,0,0,0,0,0,0,0,0,0,0,0,0,0,0,0,0,0,0,0,0,0,0,0,0,0,0,0,0,0,0,0,0,0,0,0,0,0,0,0,0,0,0,0,0.0051,0,0,0,0,0,0,0
215,0.2673,0.2761,0.2759,0.2758,0.2681,0.2539,0.2696,0.2635,0.2754,0.264,0.2635,0.2762,0.2729,0.2729,0.2637,0.2527,0.2742,0.2599,0.2545,0.2708,0.2547,0.2728,0.2578,0.2629,0.2484,0.2556,0.2518,0.2616,0.2525,0.2513,0.2283,0.2281,0.1576,0.158,0.0627,0.0936,0.036,0.0277,0.0029,0,0.0001,0,0,0,0,0,0,0,0,0,0,0,0,0,0,0,0,0,0,0,0,0,0,0,0,0,0,0,0,0,0,0,0,0,0,0,0,0,0,0,0,0,0,0,0,0,0,0,0,0,0,0,0.0051,0,0,0,0,0,0,0
220,0.2882,0.2942,0.2867,0.291,0.2829,0.2787,0.2867,0.2835,0.2917,0.2868,0.2876,0.2967,0.2832,0.2957,0.2813,0.2674,0.2917,0.2807,0.2872,0.2854,0.2754,0.2936,0.2739,0.2863,0.27,0.2708,0.2611,0.2815,0.2697,0.2691,0.2503,0.2639,0.1989,0.209,0.0901,0.131,0.0658,0.0505,0.0099,0.0019,0.0044,0,0,0,0,0,0,0,0,0,0,0,0,0,0,0,0,0,0,0,0,0,0,0,0,0,0,0,0,0,0,0,0,0,0,0,0,0,0,0,0,0,0,0,0,0,0,0,0,0,0,0,0.0051,0,0,0,0,0,0,0
225,0.3036,0.3014,0.3071,0.3085,0.3005,0.2909,0.303,0.3013,0.3049,0.3038,0.303,0.3122,0.31,0.3083,0.2942,0.2917,0.31,0.3085,0.3007,0.3068,0.2988,0.3141,0.2949,0.3112,0.2917,0.2933,0.2787,0.3013,0.2951,0.2957,0.2769,0.2838,0.228,0.2452,0.1212,0.1666,0.097,0.077,0.0269,0.0093,0.0171,0.0035,0.0002,0,0,0,0,0,0,0,0,0,0,0,0,0,0,0,0,0,0,0,0,0,0,0,0,0,0,0,0,0,0,0,0,0,0,0,0,0,0,0,0,0,0,0,0,0,0,0,0,0,0.0051,0,0,0,0,0,0,0
230,0.3191,0.3212,0.3204,0.3254,0.3183,0.3154,0.3221,0.3198,0.331,0.3194,0.3274,0.3315,0.3334,0.3247,0.3078,0.314,0.3287,0.3285,0.3166,0.3224,0.3211,0.3325,0.3187,0.3287,0.3105,0.317,0.3059,0.3186,0.3075,0.3194,0.3018,0.2973,0.2604,0.2746,0.1485,0.2047,0.1382,0.1056,0.0539,0.0249,0.0399,0.014,0.0061,0,0,0,0,0,0,0,0,0,0,0,0,0,0,0,0,0,0,0,0,0,0,0,0,0,0,0,0,0,0,0,0,0,0,0,0,0,0,0,0,0,0,0,0,0,0,0,0,0,0.0051,0,0,0,0,0,0,0
235,0.3379,0.3376,0.3374,0.3422,0.3365,0.3321,0.3357,0.3354,0.3388,0.3331,0.3404,0.3403,0.3364,0.338,0.3218,0.3267,0.3397,0.3353,0.3375,0.3396,0.3328,0.3395,0.3314,0.3381,0.3286,0.3311,0.3237,0.3323,0.3252,0.3313,0.3237,0.3145,0.2885,0.2955,0.1729,0.2361,0.1833,0.1379,0.0853,0.049,0.0717,0.0312,0.019,0.0037,0,0,0,0,0,0,0,0,0,0,0,0,0,0,0,0,0,0,0,0,0,0,0,0,0,0,0,0,0,0,0,0,0,0,0,0,0,0,0,0,0,0,0,0,0,0,0,0,0.0051,0,0,0,0,0,0,0
240,0.3503,0.3506,0.3498,0.3619,0.3511,0.3455,0.3461,0.3414,0.3492,0.3458,0.349,0.3571,0.3385,0.3494,0.3415,0.3389,0.3527,0.3414,0.3465,0.3492,0.3467,0.3538,0.3415,0.3547,0.3407,0.3401,0.3484,0.3473,0.3326,0.3434,0.341,0.3341,0.3136,0.3154,0.195,0.2625,0.221,0.158,0.1077,0.0761,0.1139,0.0597,0.0452,0.022,0.0019,0.0023,0,0,0,0,0,0,0,0,0,0,0,0,0,0,0,0,0,0,0,0,0,0,0,0,0,0,0,0,0,0,0,0,0,0,0,0,0,0,0,0,0,0,0,0,0,0,0.0051,0,0,0,0,0,0,0
245,0.3653,0.3666,0.3702,0.3792,0.3703,0.361,0.3681,0.3586,0.3508,0.3622,0.3575,0.3792,0.3585,0.3673,0.3523,0.3421,0.3743,0.3516,0.3574,0.3643,0.3524,0.3668,0.3569,0.3637,0.3519,0.3512,0.362,0.3655,0.3393,0.3577,0.3536,0.3445,0.342,0.3421,0.2266,0.3005,0.2659,0.1924,0.1404,0.1204,0.1615,0.0962,0.0843,0.0687,0.0311,0.0112,0.0009,0,0,0,0,0,0,0,0,0,0,0,0,0,0,0,0,0,0,0,0,0,0,0,0,0,0,0,0,0,0,0,0,0,0,0,0,0,0,0,0,0,0,0,0,0,0.0051,0,0,0,0,0,0,0
250,0.3822,0.3844,0.3895,0.3981,0.3879,0.38,0.3866,0.3707,0.3827,0.3842,0.3725,0.3976,0.3836,0.381,0.3633,0.3547,0.3895,0.3708,0.366,0.381,0.3529,0.3842,0.3758,0.3786,0.3723,0.3544,0.3764,0.3867,0.3611,0.3717,0.3795,0.3644,0.3679,0.3637,0.2681,0.3346,0.3165,0.2323,0.1868,0.1599,0.2188,0.1363,0.1242,0.1284,0.0804,0.0253,0.006,0.0012,0,0,0,0,0,0,0,0,0,0,0,0,0,0,0,0,0,0,0,0,0,0,0,0,0,0,0,0,0,0,0,0,0,0,0,0,0,0,0,0,0,0,0,0,0.0051,0,0,0,0,0,0,0
255,0.3999,0.4019,0.4109,0.4086,0.3988,0.3984,0.4041,0.3946,0.4059,0.3998,0.3897,0.409,0.4028,0.4011,0.3813,0.3772,0.4006,0.3848,0.3899,0.3891,0.3821,0.4071,0.4015,0.401,0.3909,0.3764,0.3895,0.4072,0.3846,0.393,0.3944,0.3796,0.3867,0.3925,0.3082,0.3676,0.3552,0.2764,0.2296,0.1984,0.2748,0.1782,0.1625,0.1839,0.1331,0.0432,0.0179,0.0079,0.0019,0,0,0,0,0,0,0,0,0,0,0,0,0,0,0,0,0,0,0,0,0,0,0,0,0,0,0,0,0,0,0,0,0,0,0,0,0,0,0,0,0,0,0,0.0051,0,0,0,0,0,0,0
260,0.4099,0.4205,0.4289,0.4218,0.4165,0.4212,0.4216,0.4178,0.4205,0.4183,0.4053,0.4277,0.4224,0.4185,0.4071,0.3976,0.416,0.4131,0.4014,0.4047,0.4057,0.4259,0.4186,0.424,0.4178,0.4016,0.4148,0.4271,0.4069,0.4186,0.4243,0.4016,0.4045,0.4095,0.3411,0.3947,0.3841,0.3218,0.2757,0.2342,0.3139,0.2247,0.2065,0.2334,0.1875,0.0688,0.0426,0.0212,0.0088,0.0005,0.0001,0,0,0,0,0,0,0,0,0,0,0,0,0,0,0,0,0,0,0,0,0,0,0,0,0,0,0,0,0,0,0,0,0,0,0,0,0,0,0,0,0,0.0051,0,0,0,0,0,0,0
265,0.4314,0.4414,0.4453,0.4363,0.4352,0.4377,0.4418,0.4401,0.4394,0.4399,0.422,0.4446,0.4329,0.4387,0.425,0.4253,0.4351,0.4333,0.4257,0.4164,0.4232,0.4466,0.4361,0.4491,0.4323,0.4188,0.4353,0.4432,0.4301,0.4418,0.4435,0.4304,0.425,0.4266,0.3765,0.4176,0.4028,0.3617,0.307,0.2698,0.356,0.2673,0.2506,0.2772,0.2409,0.0946,0.0709,0.0379,0.0189,0.0074,0.0031,0,0,0,0,0,0,0,0,0,0,0,0,0,0,0,0,0,0,0,0,0,0,0,0,0,0,0,0,0,0,0,0,0,0,0,0,0,0,0,0,0,0.0051,0,0,0,0,0,0,0
270,0.4575,0.462,0.464,0.4621,0.4588,0.4605,0.4609,0.4593,0.4635,0.453,0.4397,0.4643,0.4441,0.4597,0.4404,0.4433,0.4569,0.4599,0.46,0.447,0.4466,0.4653,0.4538,0.467,0.4578,0.445,0.4595,0.4569,0.4504,0.4592,0.4654,0.4464,0.4499,0.4555,0.4032,0.4318,0.4204,0.3894,0.3368,0.3112,0.4048,0.3131,0.3147,0.3233,0.2782,0.1301,0.1115,0.061,0.0473,0.0202,0.0125,0.0008,0,0,0,0,0,0,0,0,0,0,0,0,0,0,0,0,0,0,0,0,0,0,0,0,0,0,0,0,0,0,0,0,0,0,0,0,0,0,0,0,0.0051,0,0,0,0,0,0,0
275,0.4709,0.4784,0.4744,0.4749,0.4725,0.4808,0.4742,0.4724,0.4805,0.4661,0.4575,0.4778,0.4694,0.474,0.4548,0.4634,0.4737,0.4709,0.4806,0.4739,0.4641,0.4713,0.4717,0.4753,0.4713,0.4604,0.4696,0.4731,0.4657,0.4694,0.4694,0.458,0.4647,0.4675,0.4139,0.4474,0.4415,0.4108,0.3599,0.3423,0.4558,0.349,0.374,0.3601,0.3216,0.1701,0.1544,0.0894,0.0894,0.0451,0.0329,0.0036,0.0004,0,0,0,0,0,0,0,0,0,0,0,0,0,0,0,0,0,0,0,0,0,0,0,0,0,0,0,0,0,0,0,0,0,0,0,0,0,0,0,0.0051,0,0,0,0,0,0,0
280,0.4774,0.4878,0.4839,0.4891,0.4816,0.4904,0.4822,0.4824,0.4884,0.4771,0.475,0.4905,0.4847,0.4794,0.4748,0.4774,0.4845,0.4788,0.4841,0.485,0.4717,0.4823,0.4779,0.4779,0.4806,0.4786,0.4804,0.483,0.485,0.4791,0.4783,0.4726,0.4754,0.4807,0.4343,0.4784,0.4638,0.4567,0.4142,0.3818,0.4856,0.3869,0.416,0.3992,0.3625,0.224,0.2157,0.1227,0.125,0.0787,0.0547,0.0074,0.0044,0.0002,0.0008,0,0,0,0,0,0,0,0,0,0,0,0,0,0,0,0,0,0,0,0,0,0,0,0,0,0,0,0,0,0,0,0,0,0,0,0,0,0.0051,0,0,0,0,0,0,0
285,0.4893,0.4995,0.4903,0.5001,0.4898,0.4986,0.4931,0.4839,0.499,0.4879,0.4891,0.5048,0.4901,0.4923,0.4876,0.4825,0.4929,0.4859,0.4882,0.4948,0.4895,0.4894,0.4882,0.4896,0.4873,0.4844,0.4912,0.4929,0.4905,0.4946,0.4892,0.4864,0.4823,0.4945,0.4522,0.488,0.4798,0.4919,0.4641,0.4162,0.4916,0.421,0.4421,0.4304,0.4182,0.2786,0.2757,0.1534,0.1645,0.1146,0.0752,0.0121,0.0117,0.0027,0.0052,0.0001,0,0,0,0,0,0,0,0,0,0,0,0,0,0,0,0,0,0,0,0,0,0,0,0,0,0,0,0,0,0,0,0,0,0,0,0,0.0051,0,0,0,0,0,0,0
290,0.4989,0.507,0.5057,0.5136,0.4999,0.5076,0.5019,0.4839,0.5122,0.5,0.4977,0.5184,0.5041,0.5072,0.4967,0.49,0.5076,0.4919,0.4911,0.501,0.4982,0.5114,0.4963,0.5067,0.5016,0.4853,0.4965,0.504,0.4952,0.5013,0.5002,0.4984,0.4908,0.5005,0.474,0.5018,0.4957,0.5021,0.4824,0.4443,0.5009,0.4483,0.4577,0.4544,0.4659,0.3309,0.3395,0.1913,0.208,0.1556,0.0978,0.0209,0.0193,0.0136,0.0161,0.0031,0.0024,0,0,0,0,0,0,0,0,0,0,0,0,0,0,0,0,0,0,0,0,0,0,0,0,0,0,0,0,0,0,0,0,0,0,0,0.0051,0,0,0,0,0,0,0
295,0.5075,0.5108,0.5206,0.5248,0.5124,0.5137,0.5143,0.5034,0.5202,0.5088,0.5126,0.5281,0.5095,0.5161,0.5101,0.4952,0.5188,0.4942,0.5124,0.5074,0.506,0.5188,0.5098,0.5204,0.5172,0.497,0.5085,0.5185,0.5085,0.5051,0.5114,0.51,0.5061,0.5063,0.4876,0.5115,0.5021,0.5137,0.4998,0.4689,0.5159,0.472,0.4723,0.4799,0.4966,0.3855,0.4038,0.2309,0.2548,0.1999,0.1259,0.0329,0.0292,0.0327,0.0351,0.0109,0.0115,0.0008,0,0,0,0,0,0,0,0,0,0,0,0,0,0,0,0,0,0,0,0,0,0,0,0,0,0,0,0,0,0,0,0,0,0,0.0051,0,0,0,0,0,0,0
300,0.5254,0.5245,0.5328,0.536,0.528,0.5271,0.5307,0.5299,0.5322,0.527,0.5302,0.538,0.5216,0.5261,0.5258,0.5129,0.5296,0.5067,0.522,0.5145,0.5115,0.5263,0.5285,0.5371,0.5301,0.515,0.5273,0.5324,0.5277,0.517,0.5209,0.5262,0.5126,0.5299,0.5066,0.5191,0.5224,0.5296,0.5137,0.4899,0.5325,0.4838,0.4831,0.515,0.5078,0.4198,0.4583,0.278,0.3,0.246,0.1551,0.0536,0.0444,0.054,0.0631,0.0255,0.0274,0.0058,0.001,0,0,0,0,0,0,0,0,0,0,0,0,0,0,0,0,0,0,0,0,0,0,0,0,0,0,0,0,0,0,0,0,0,0.0051,0,0,0,0,0,0,0
305,0.5388,0.5408,0.5479,0.5494,0.5427,0.5405,0.5433,0.542,0.5487,0.5347,0.5403,0.5534,0.5454,0.5372,0.5328,0.5279,0.5429,0.534,0.5423,0.5293,0.5285,0.5422,0.5385,0.546,0.5434,0.5331,0.5401,0.5462,0.5459,0.5384,0.5333,0.5367,0.5334,0.5388,0.5249,0.5317,0.5347,0.547,0.5267,0.5158,0.5542,0.4997,0.5054,0.532,0.5256,0.447,0.5106,0.33,0.3475,0.2935,0.1859,0.0766,0.0695,0.0783,0.1119,0.048,0.052,0.0179,0.0049,0.002,0.0001,0,0,0,0,0,0,0,0,0,0,0,0,0,0,0,0,0,0,0,0,0,0,0,0,0,0,0,0,0,0,0,0.0051,0,0,0,0,0,0,0
310,0.5527,0.5643,0.5662,0.5666,0.5633,0.5559,0.5594,0.5627,0.5669,0.5503,0.5562,0.5693,0.5694,0.5578,0.5548,0.5503,0.5612,0.5462,0.5523,0.5594,0.546,0.5601,0.5512,0.5498,0.561,0.5452,0.5499,0.5528,0.5614,0.5545,0.5499,0.5483,0.5467,0.551,0.5429,0.5568,0.5525,0.5594,0.5433,0.5336,0.5678,0.5215,0.5296,0.5498,0.5402,0.4773,0.5488,0.3825,0.393,0.3474,0.2298,0.1139,0.1112,0.1091,0.1665,0.0807,0.0799,0.0363,0.012,0.0065,0.0013,0,0,0,0,0,0,0,0,0,0,0,0,0,0,0,0,0,0,0,0,0,0,0,0,0,0,0,0,0,0,0,0.0051,0,0,0,0,0,0,0
315,0.5767,0.5767,0.5803,0.5866,0.5769,0.5709,0.5713,0.5738,0.5857,0.5689,0.5713,0.5832,0.5844,0.5755,0.5722,0.5665,0.5719,0.5694,0.5711,0.5769,0.5631,0.5788,0.5761,0.5706,0.5716,0.5673,0.5686,0.562,0.581,0.5703,0.566,0.5634,0.5649,0.564,0.557,0.5753,0.5666,0.5752,0.5623,0.5535,0.5824,0.5432,0.5449,0.5708,0.5538,0.5019,0.5693,0.4376,0.4432,0.4088,0.2778,0.1598,0.1544,0.1511,0.2231,0.1159,0.1114,0.0627,0.0268,0.0192,0.0037,0.0008,0.0016,0,0,0,0,0,0,0,0,0,0,0,0,0,0,0,0,0,0,0,0,0,0,0,0,0,0,0,0,0,0.0051,0,0,0,0,0,0,0
320,0.5947,0.5977,0.604,0.6068,0.595,0.592,0.5865,0.5919,0.5941,0.5863,0.5851,0.5996,0.5979,0.5903,0.5914,0.5835,0.5958,0.582,0.5879,0.587,0.5864,0.5982,0.5915,0.5934,0.5851,0.5848,0.5852,0.5766,0.5938,0.5875,0.5821,0.5762,0.5851,0.5859,0.5769,0.5872,0.5785,0.597,0.5767,0.5748,0.5908,0.5656,0.5705,0.5877,0.5626,0.538,0.588,0.4721,0.4798,0.4543,0.3297,0.2049,0.1941,0.196,0.289,0.1541,0.1561,0.0898,0.0501,0.0365,0.0087,0.0025,0.0056,0,0,0,0,0,0,0,0,0,0,0,0,0,0,0,0,0,0,0,0,0,0,0,0,0,0,0,0,0,0.0051,0,0,0,0,0,0,0
325,0.6098,0.6098,0.6125,0.6166,0.6101,0.6059,0.6046,0.6095,0.6073,0.6041,0.6057,0.6184,0.6073,0.6107,0.6084,0.5988,0.6119,0.6011,0.6085,0.6081,0.602,0.605,0.604,0.6061,0.604,0.596,0.6075,0.5948,0.6075,0.605,0.6031,0.5962,0.5984,0.6018,0.5898,0.6059,0.6062,0.6066,0.5978,0.5948,0.6089,0.5941,0.6036,0.6061,0.5903,0.5812,0.6013,0.5246,0.5314,0.5,0.3831,0.258,0.2487,0.2509,0.365,0.193,0.2091,0.1239,0.0834,0.056,0.0167,0.0058,0.0116,0.0018,0,0,0,0,0,0,0,0,0,0,0,0,0,0,0,0,0,0,0,0,0,0,0,0,0,0,0,0,0.0051,0,0,0,0,0,0,0
330,0.6198,0.6155,0.617,0.6269,0.6175,0.6134,0.6137,0.616,0.6205,0.6182,0.6142,0.6333,0.6237,0.6225,0.6198,0.6147,0.6229,0.6132,0.619,0.6284,0.6157,0.6099,0.6137,0.621,0.6134,0.6186,0.6161,0.6134,0.6237,0.6196,0.617,0.6086,0.6114,0.6149,0.6019,0.6166,0.6211,0.6128,0.6108,0.6016,0.6303,0.6221,0.6192,0.6251,0.6123,0.6109,0.6261,0.5563,0.5745,0.5393,0.4349,0.3114,0.3136,0.3089,0.4261,0.2325,0.2495,0.1592,0.1215,0.0786,0.0284,0.0114,0.0195,0.0044,0.0003,0.0008,0,0,0,0,0,0,0,0,0,0,0,0,0,0,0,0,0,0,0,0,0,0,0,0,0,0,0.0051,0,0,0,0,0,0,0
335,0.6362,0.6193,0.6409,0.644,0.6377,0.6265,0.6327,0.6351,0.6323,0.6266,0.6317,0.641,0.6314,0.638,0.6296,0.6322,0.6313,0.6259,0.6257,0.64,0.6252,0.6313,0.6338,0.6353,0.6333,0.6249,0.6248,0.6354,0.638,0.6334,0.637,0.6255,0.6297,0.6325,0.6221,0.6379,0.6302,0.6352,0.6195,0.628,0.6376,0.6367,0.6281,0.6371,0.625,0.6272,0.6338,0.5873,0.605,0.5855,0.4797,0.3644,0.3707,0.3606,0.477,0.2792,0.3027,0.1973,0.1595,0.1066,0.0437,0.0212,0.0289,0.0111,0.0038,0.0038,0.0013,0,0,0,0,0,0,0,0,0,0,0,0,0,0,0,0,0,0,0,0,0,0,0,0,0,0.0051,0,0,0,0,0,0,0
340,0.641,0.6405,0.649,0.6556,0.6506,0.643,0.648,0.6436,0.651,0.6409,0.6445,0.6507,0.648,0.6469,0.6406,0.6439,0.6508,0.6461,0.6405,0.6499,0.6319,0.6502,0.6481,0.6409,0.6465,0.6333,0.6445,0.6487,0.6504,0.6507,0.6463,0.6456,0.6423,0.6462,0.6427,0.6452,0.6426,0.6518,0.6388,0.6414,0.643,0.6487,0.6373,0.6476,0.6392,0.6351,0.6515,0.617,0.6293,0.6138,0.5128,0.3981,0.4121,0.3942,0.5283,0.3061,0.3301,0.2197,0.1904,0.1234,0.0617,0.0418,0.0416,0.0236,0.0186,0.0145,0.0102,0,0,0,0,0,0,0,0,0,0,0,0,0,0,0,0,0,0,0,0,0,0,0,0,0,0.0051,0,0,0,0,0,0,0
345,0.6534,0.6525,0.6565,0.6604,0.6601,0.6519,0.6551,0.6562,0.6589,0.654,0.6581,0.6616,0.6563,0.6568,0.6555,0.654,0.6592,0.6567,0.658,0.6588,0.6522,0.6593,0.6564,0.6553,0.6555,0.6517,0.6577,0.6572,0.6563,0.6595,0.6589,0.6579,0.6553,0.6539,0.6507,0.6568,0.6578,0.656,0.6546,0.6565,0.6562,0.6579,0.6443,0.655,0.6435,0.6473,0.6569,0.6346,0.6447,0.6347,0.578,0.4586,0.4675,0.4404,0.596,0.3679,0.3895,0.2534,0.2478,0.1478,0.0948,0.0771,0.0568,0.0507,0.0469,0.0324,0.0349,0.001,0.002,0.0001,0,0,0,0,0,0,0,0,0,0,0,0,0,0,0,0,0,0,0,0,0,0,0.0051,0,0,0,0,0,0,0
350,0.6613,0.6605,0.6602,0.6646,0.6637,0.6619,0.6601,0.6611,0.6662,0.6599,0.6644,0.6714,0.6617,0.6615,0.661,0.6589,0.6661,0.6615,0.661,0.6616,0.6597,0.6643,0.6625,0.662,0.6603,0.6616,0.6579,0.6597,0.659,0.6606,0.6629,0.6675,0.6599,0.6578,0.6566,0.6613,0.6629,0.6595,0.6623,0.6601,0.6669,0.663,0.6625,0.6607,0.6537,0.6627,0.6633,0.6544,0.6586,0.6545,0.6065,0.501,0.5044,0.4825,0.6394,0.412,0.4258,0.2795,0.2871,0.1644,0.1314,0.1184,0.0762,0.0883,0.0825,0.054,0.0543,0.006,0.0072,0.004,0.0004,0,0,0,0,0,0,0,0,0,0,0,0,0,0,0,0,0,0,0,0,0,0.0051,0,0,0,0,0,0,0
355,0.6707,0.6667,0.6702,0.6734,0.6695,0.6726,0.6614,0.6653,0.6745,0.6623,0.6685,0.6811,0.6662,0.6682,0.6675,0.6629,0.6691,0.6667,0.6652,0.6682,0.663,0.6699,0.6659,0.671,0.6664,0.6634,0.6618,0.6697,0.6642,0.6629,0.6657,0.6736,0.6646,0.6642,0.6694,0.67,0.6664,0.6671,0.6643,0.6651,0.6742,0.6709,0.6707,0.6629,0.6635,0.6683,0.6681,0.6625,0.6675,0.6636,0.6399,0.5648,0.5581,0.5393,0.6674,0.4702,0.4871,0.3289,0.3403,0.193,0.1631,0.155,0.0954,0.123,0.1297,0.093,0.0825,0.0214,0.0254,0.0164,0.0079,0.0008,0,0,0,0,0,0,0,0,0,0,0,0,0,0,0,0,0,0,0,0,0.0051,0,0,0,0,0,0,0
360,0.6783,0.6809,0.6757,0.6851,0.6766,0.6828,0.6638,0.6669,0.6856,0.663,0.6762,0.692,0.6787,0.6802,0.6759,0.6669,0.6732,0.6782,0.6694,0.6752,0.6698,0.6754,0.6737,0.6747,0.6785,0.6636,0.6734,0.6792,0.6692,0.6667,0.6704,0.6804,0.6671,0.6725,0.6751,0.6744,0.6683,0.6772,0.6711,0.6663,0.6764,0.6823,0.6744,0.6668,0.6723,0.6799,0.6717,0.6707,0.6735,0.6716,0.6615,0.6209,0.6164,0.5979,0.6793,0.5316,0.5375,0.3864,0.3995,0.222,0.2032,0.202,0.1277,0.1606,0.1793,0.1471,0.1118,0.0535,0.053,0.0357,0.0267,0.0039,0.0021,0,0,0,0,0,0,0,0,0,0,0,0,0,0,0,0,0,0,0,0.0051,0,0,0,0,0,0,0
365,0.6889,0.6916,0.6882,0.7009,0.6883,0.6908,0.6804,0.6793,0.6987,0.6677,0.6887,0.6945,0.6932,0.6916,0.6897,0.679,0.692,0.6874,0.6884,0.6931,0.684,0.687,0.6851,0.6874,0.6942,0.6803,0.6818,0.6927,0.6859,0.6827,0.6911,0.6885,0.6803,0.685,0.6864,0.6917,0.6892,0.6887,0.6859,0.6789,0.6801,0.686,0.6811,0.6902,0.6783,0.6946,0.6858,0.6872,0.6866,0.6786,0.6878,0.6594,0.6611,0.645,0.693,0.5883,0.5768,0.4445,0.4627,0.2543,0.2493,0.26,0.183,0.2053,0.233,0.2154,0.1522,0.0975,0.0929,0.075,0.0541,0.0113,0.0121,0.0011,0,0,0,0,0,0,0,0,0,0,0,0,0,0,0,0,0,0,0.0051,0,0,0,0,0,0,0
370,0.6979,0.7005,0.7007,0.7106,0.7007,0.695,0.6933,0.6944,0.7079,0.6972,0.6985,0.7086,0.7026,0.699,0.7,0.6899,0.6977,0.6977,0.6959,0.705,0.6962,0.7009,0.6958,0.6984,0.7028,0.6983,0.6915,0.7026,0.6984,0.6972,0.7014,0.6936,0.6961,0.6998,0.6929,0.7003,0.6932,0.6971,0.6962,0.6901,0.6967,0.6974,0.6974,0.702,0.6844,0.7028,0.6976,0.6933,0.6992,0.6934,0.6965,0.6775,0.6833,0.6644,0.7026,0.6224,0.6211,0.5006,0.5273,0.2855,0.3109,0.3462,0.2425,0.2603,0.2996,0.2895,0.2027,0.17,0.155,0.136,0.0946,0.0246,0.031,0.0054,0.0005,0,0,0,0,0,0,0,0,0,0,0,0,0,0,0,0,0,0.0051,0,0,0,0,0,0,0
375,0.7066,0.7076,0.7067,0.7218,0.7106,0.7089,0.6987,0.7109,0.716,0.704,0.7089,0.7153,0.7077,0.7075,0.7076,0.7014,0.7059,0.7044,0.7029,0.7137,0.7037,0.7057,0.7034,0.7084,0.7114,0.7021,0.7014,0.7105,0.7082,0.7056,0.708,0.7053,0.707,0.7061,0.7043,0.7078,0.6984,0.7124,0.7041,0.7009,0.7123,0.7096,0.7077,0.7056,0.6877,0.7061,0.7079,0.7032,0.7066,0.6969,0.7001,0.692,0.6943,0.6784,0.707,0.6495,0.6538,0.5488,0.5803,0.3142,0.3657,0.4264,0.2958,0.3225,0.3657,0.3542,0.2586,0.2586,0.2182,0.1819,0.1278,0.0439,0.0536,0.0127,0.0049,0,0,0,0,0,0,0,0,0,0,0,0,0,0,0,0,0,0.0051,0,0,0,0,0,0,0
380,0.7119,0.7152,0.7118,0.731,0.722,0.7159,0.7048,0.715,0.7239,0.7175,0.7209,0.7299,0.7129,0.7188,0.7113,0.7052,0.7086,0.7114,0.7125,0.7296,0.7068,0.7092,0.7118,0.716,0.7209,0.708,0.7068,0.7251,0.7192,0.7112,0.7093,0.7117,0.7103,0.7132,0.7129,0.7081,0.7019,0.7255,0.7078,0.7078,0.7222,0.7118,0.713,0.7171,0.7051,0.7164,0.7133,0.7117,0.712,0.7065,0.7113,0.7011,0.7048,0.696,0.7123,0.6676,0.684,0.5954,0.6258,0.3407,0.4179,0.5028,0.3296,0.3908,0.4163,0.4131,0.3111,0.3352,0.2711,0.2137,0.157,0.0706,0.0797,0.0235,0.0156,0.0013,0.0001,0.0003,0,0,0,0,0,0,0,0,0,0,0,0,0,0,0.0051,0,0,0,0,0,0,0
385,0.7248,0.7404,0.724,0.7418,0.7365,0.7251,0.7122,0.7295,0.7325,0.7272,0.7301,0.7398,0.7178,0.7344,0.7256,0.7187,0.7256,0.7247,0.7175,0.7397,0.7154,0.7244,0.7136,0.7272,0.7319,0.7217,0.7219,0.7392,0.7334,0.7264,0.7197,0.7284,0.7191,0.7297,0.72,0.7182,0.7221,0.7336,0.7169,0.7194,0.7304,0.7181,0.7309,0.7296,0.7181,0.7345,0.729,0.7185,0.7279,0.7119,0.721,0.7089,0.7147,0.7052,0.7202,0.6774,0.7095,0.6269,0.6532,0.36,0.4784,0.5681,0.3651,0.4425,0.4724,0.4799,0.3631,0.3903,0.3135,0.2425,0.1852,0.1014,0.1084,0.0396,0.0303,0.0069,0.0015,0.0019,0.0008,0,0,0,0,0,0,0,0,0,0,0,0,0,0.0051,0,0,0,0,0,0,0
390,0.7386,0.7569,0.7436,0.7515,0.7512,0.7399,0.7215,0.7396,0.7475,0.7448,0.7429,0.7543,0.7544,0.7478,0.7451,0.7298,0.7399,0.7411,0.7295,0.7556,0.7298,0.7484,0.7251,0.7404,0.7443,0.7429,0.7387,0.7547,0.7447,0.7408,0.739,0.7408,0.7296,0.7426,0.7203,0.7406,0.7318,0.7369,0.7352,0.7372,0.7428,0.7259,0.7449,0.7453,0.728,0.7504,0.7446,0.7382,0.7419,0.7314,0.7342,0.7308,0.7282,0.7297,0.7393,0.6995,0.7424,0.6622,0.7089,0.4065,0.5364,0.6242,0.4198,0.5093,0.5348,0.5529,0.4269,0.4407,0.3714,0.2829,0.2233,0.1411,0.1432,0.0594,0.0551,0.0202,0.0049,0.0046,0.0043,0.0005,0,0,0,0,0,0,0,0,0,0,0,0,0.0051,0,0,0,0,0,0,0
395,0.7528,0.766,0.7564,0.7662,0.762,0.7524,0.7323,0.7529,0.7636,0.7545,0.7599,0.7682,0.7671,0.7567,0.7581,0.7484,0.7495,0.7575,0.7517,0.766,0.7498,0.7654,0.7551,0.7575,0.7616,0.7541,0.7569,0.7701,0.7622,0.7586,0.7653,0.758,0.7541,0.755,0.754,0.762,0.7526,0.7507,0.756,0.75,0.7565,0.757,0.7517,0.7574,0.7384,0.7669,0.7644,0.7514,0.753,0.7473,0.7524,0.7542,0.7437,0.7472,0.753,0.7164,0.7532,0.6901,0.7441,0.4507,0.5922,0.6647,0.4798,0.5907,0.5962,0.6106,0.4891,0.4894,0.4383,0.3239,0.2536,0.1847,0.1763,0.0831,0.0883,0.0402,0.0108,0.0087,0.0129,0.0045,0.001,0,0,0,0,0,0,0,0,0,0,0,0.0051,0,0,0,0,0,0,0
400,0.7618,0.7735,0.7736,0.7776,0.7755,0.7659,0.7439,0.7684,0.7778,0.7683,0.7672,0.7781,0.7737,0.776,0.7714,0.7646,0.7659,0.771,0.774,0.7779,0.7702,0.7746,0.7694,0.773,0.7721,0.7626,0.7702,0.7775,0.7756,0.773,0.7761,0.7713,0.7717,0.773,0.7702,0.7675,0.7655,0.7668,0.7665,0.7673,0.7739,0.771,0.7778,0.7675,0.7605,0.7797,0.7768,0.7637,0.7735,0.7636,0.7724,0.7752,0.7549,0.7644,0.7697,0.744,0.763,0.7181,0.7674,0.4926,0.6579,0.7022,0.5305,0.6613,0.6547,0.6532,0.5355,0.5398,0.508,0.3757,0.2878,0.225,0.2094,0.1176,0.1227,0.0688,0.019,0.0148,0.0277,0.0177,0.0046,0.0005,0,0,0,0,0,0,0,0,0,0,0.0051,0,0,0,0,0,0,0
405,0.7786,0.7767,0.7838,0.7879,0.7853,0.7839,0.7696,0.7782,0.7857,0.7794,0.773,0.7864,0.7869,0.7822,0.7865,0.7777,0.7816,0.7825,0.7869,0.7828,0.78,0.7853,0.7855,0.7784,0.7786,0.7743,0.783,0.7841,0.7828,0.779,0.785,0.7785,0.7815,0.7793,0.7784,0.7739,0.7733,0.7805,0.777,0.779,0.7877,0.7838,0.7832,0.7785,0.7751,0.7848,0.7839,0.7795,0.7835,0.7803,0.7791,0.779,0.7731,0.7775,0.7793,0.7672,0.7767,0.741,0.7777,0.5369,0.6942,0.7229,0.5654,0.7064,0.6894,0.697,0.5752,0.5674,0.5515,0.41,0.3129,0.2685,0.237,0.1461,0.1585,0.0982,0.0337,0.0256,0.0536,0.0297,0.0133,0.0018,0.0002,0,0,0,0,0,0,0,0,0,0.0051,0,0,0,0,0,0,0
410,0.7874,0.799,0.795,0.8038,0.799,0.7945,0.7758,0.7943,0.8004,0.7899,0.7895,0.8029,0.7971,0.7933,0.7974,0.7905,0.7993,0.7921,0.7991,0.7934,0.7941,0.7945,0.7921,0.791,0.7937,0.7811,0.7925,0.7939,0.7964,0.7878,0.7914,0.7905,0.7934,0.7892,0.7905,0.7947,0.7902,0.7962,0.7874,0.7889,0.7943,0.8008,0.7862,0.7887,0.7794,0.8002,0.7901,0.7874,0.793,0.7929,0.7949,0.7816,0.7855,0.7814,0.7982,0.7823,0.7902,0.7636,0.7857,0.5907,0.7437,0.7569,0.6191,0.7421,0.7301,0.7544,0.6352,0.6243,0.6069,0.4554,0.3481,0.3197,0.269,0.1986,0.2035,0.1412,0.0565,0.0414,0.096,0.0697,0.0301,0.0037,0.0024,0.0006,0,0,0,0,0,0,0,0,0.0051,0,0,0,0,0,0,0
415,0.8029,0.8061,0.8082,0.8159,0.8065,0.8068,0.7855,0.8044,0.8097,0.8003,0.805,0.8118,0.803,0.7997,0.8091,0.801,0.8124,0.8004,0.8041,0.8043,0.7985,0.8095,0.798,0.8057,0.8063,0.7997,0.812,0.8011,0.8057,0.8003,0.8079,0.8032,0.805,0.7975,0.8023,0.8047,0.804,0.807,0.8007,0.8032,0.8042,0.8088,0.7985,0.8011,0.7892,0.8016,0.8029,0.7915,0.804,0.7954,0.8002,0.7884,0.7988,0.7838,0.8072,0.7943,0.8062,0.7851,0.7999,0.6449,0.7866,0.7853,0.6733,0.7667,0.7534,0.7936,0.6998,0.6778,0.6811,0.5104,0.3793,0.3509,0.3047,0.2449,0.2473,0.1899,0.078,0.0625,0.142,0.1154,0.0464,0.009,0.0096,0.0031,0.0005,0,0,0,0,0,0,0,0.0051,0,0,0,0,0,0,0
420,0.8123,0.8152,0.8164,0.8302,0.814,0.8163,0.7964,0.8141,0.8203,0.8113,0.8193,0.8238,0.8146,0.8092,0.8208,0.8144,0.8237,0.8118,0.8131,0.8218,0.8006,0.8205,0.8064,0.8155,0.8096,0.8135,0.8207,0.8157,0.8137,0.8075,0.8207,0.8136,0.8172,0.8136,0.8084,0.821,0.8105,0.8239,0.8098,0.8103,0.8248,0.8242,0.8178,0.8113,0.8061,0.8173,0.8151,0.8079,0.817,0.805,0.8079,0.8087,0.8049,0.8014,0.8149,0.8063,0.8099,0.8003,0.8071,0.6752,0.8094,0.8073,0.7326,0.786,0.777,0.8116,0.7739,0.728,0.7352,0.5693,0.4025,0.4035,0.3356,0.2803,0.2739,0.2328,0.1331,0.1035,0.1822,0.1535,0.0697,0.0261,0.0219,0.0105,0.0029,0.0005,0.0014,0,0,0,0,0,0.0051,0,0,0,0,0,0,0
425,0.8273,0.8247,0.825,0.8427,0.8349,0.8282,0.816,0.8259,0.8367,0.8271,0.8323,0.8403,0.8348,0.8297,0.8268,0.8261,0.8361,0.8287,0.8352,0.8293,0.8228,0.8284,0.8223,0.8275,0.8154,0.8234,0.8315,0.8299,0.8246,0.8259,0.8403,0.825,0.8324,0.8324,0.8255,0.8302,0.8266,0.8404,0.8305,0.8326,0.8408,0.8381,0.8325,0.8281,0.8275,0.8347,0.8284,0.8285,0.8287,0.8203,0.8282,0.8342,0.8195,0.8127,0.8185,0.8223,0.8181,0.8118,0.8223,0.7249,0.8297,0.8171,0.7933,0.8025,0.7888,0.8284,0.8059,0.7738,0.7739,0.6324,0.4517,0.4545,0.3891,0.3462,0.3324,0.295,0.19,0.1707,0.2496,0.21,0.1066,0.047,0.0506,0.0242,0.0085,0.0024,0.004,0.0007,0,0,0,0,0.0051,0,0,0,0,0,0,0
430,0.8433,0.8411,0.8395,0.8526,0.8482,0.8411,0.8291,0.846,0.8485,0.8424,0.8495,0.8473,0.8472,0.8438,0.8414,0.8411,0.8451,0.8455,0.842,0.8455,0.8338,0.8401,0.8362,0.8387,0.8302,0.8258,0.8418,0.8444,0.8416,0.8383,0.8484,0.8416,0.8399,0.8409,0.8364,0.8368,0.8388,0.8453,0.8454,0.8414,0.8502,0.849,0.8462,0.8418,0.8398,0.8445,0.848,0.8389,0.845,0.8343,0.8419,0.8501,0.8395,0.8205,0.8445,0.8342,0.8331,0.8318,0.8315,0.7729,0.8492,0.834,0.8331,0.8253,0.8036,0.8395,0.823,0.8102,0.814,0.6995,0.4838,0.5153,0.4183,0.3788,0.3787,0.3354,0.2497,0.2116,0.306,0.2403,0.1397,0.0679,0.077,0.0395,0.0181,0.0183,0.0163,0.0035,0.0005,0.0001,0,0,0.0051,0,0,0,0,0,0,0
435,0.8575,0.8534,0.8567,0.8653,0.8606,0.8551,0.8528,0.853,0.8577,0.8537,0.8646,0.8609,0.8627,0.8582,0.8531,0.8524,0.8603,0.8562,0.8565,0.8557,0.8532,0.8604,0.8483,0.8568,0.8517,0.8504,0.8554,0.863,0.861,0.8516,0.8619,0.8592,0.8542,0.8467,0.8635,0.847,0.8549,0.8575,0.8578,0.8495,0.8641,0.858,0.8623,0.8504,0.8501,0.8581,0.859,0.8523,0.8604,0.8464,0.8586,0.859,0.8525,0.8422,0.8568,0.8429,0.8459,0.8418,0.8374,0.8029,0.8629,0.8477,0.8537,0.8466,0.8287,0.8534,0.8409,0.8298,0.8408,0.7507,0.5437,0.5895,0.4724,0.4365,0.4371,0.4237,0.3302,0.2755,0.3757,0.302,0.1753,0.0935,0.1087,0.0616,0.0353,0.0412,0.0423,0.0097,0.0025,0.0025,0,0,0.0051,0,0,0,0,0,0,0
440,0.8631,0.8639,0.8694,0.8827,0.879,0.8654,0.8644,0.8601,0.873,0.8694,0.8766,0.8747,0.8719,0.8713,0.8621,0.8634,0.8706,0.8701,0.8707,0.8719,0.8654,0.8714,0.8661,0.8717,0.869,0.8678,0.8725,0.8766,0.8676,0.863,0.8727,0.8675,0.8615,0.8685,0.8762,0.869,0.8632,0.8725,0.8748,0.8655,0.8739,0.8663,0.8651,0.8642,0.8642,0.868,0.8728,0.8648,0.8685,0.8648,0.8665,0.8685,0.8647,0.8588,0.868,0.8645,0.8485,0.851,0.8575,0.8308,0.8714,0.8643,0.8713,0.8615,0.859,0.8694,0.8581,0.8437,0.8545,0.7938,0.6059,0.661,0.5203,0.5034,0.4936,0.4962,0.4003,0.3357,0.4359,0.3582,0.2136,0.116,0.1436,0.0878,0.0544,0.0591,0.0722,0.0197,0.0096,0.008,0.0008,0,0.0051,0,0,0,0,0,0,0
445,0.8824,0.8868,0.8834,0.8966,0.8939,0.8809,0.8717,0.8759,0.8905,0.8838,0.8889,0.8971,0.8899,0.8874,0.868,0.8761,0.8896,0.883,0.8859,0.8926,0.8722,0.8859,0.8767,0.8826,0.8885,0.879,0.8827,0.8947,0.8869,0.8774,0.8898,0.882,0.8729,0.8924,0.885,0.8885,0.8714,0.8848,0.8873,0.8819,0.8949,0.8831,0.8763,0.8782,0.8761,0.892,0.8869,0.8754,0.8871,0.8736,0.875,0.8876,0.8747,0.8749,0.8886,0.879,0.8584,0.8786,0.8799,0.8531,0.8845,0.8735,0.8914,0.8747,0.8694,0.8886,0.8771,0.8575,0.8692,0.8261,0.6548,0.7376,0.5716,0.565,0.5494,0.5525,0.4736,0.3989,0.4931,0.4159,0.2556,0.1441,0.1852,0.1182,0.0768,0.0788,0.1057,0.0344,0.0242,0.0167,0.0043,0.002,0.0051,0,0,0,0,0,0,0
450,0.8993,0.9062,0.9011,0.9095,0.9025,0.902,0.89,0.9012,0.9075,0.9014,0.9017,0.909,0.9078,0.9016,0.8949,0.893,0.9078,0.9021,0.9021,0.9041,0.8781,0.8917,0.8937,0.8899,0.9042,0.8921,0.8965,0.9064,0.8914,0.8932,0.9034,0.9003,0.8853,0.9091,0.8932,0.9057,0.8809,0.8939,0.9039,0.8989,0.9088,0.8977,0.9033,0.8978,0.8935,0.9105,0.8979,0.9002,0.8968,0.8958,0.8856,0.9027,0.8794,0.8912,0.9006,0.8884,0.8806,0.8934,0.8903,0.8679,0.9021,0.8892,0.9024,0.8941,0.8845,0.9035,0.9001,0.8734,0.8963,0.8493,0.6999,0.8025,0.6137,0.6062,0.6068,0.6134,0.5351,0.4582,0.5428,0.4731,0.3038,0.1781,0.2249,0.1504,0.1058,0.1025,0.1468,0.0552,0.0417,0.0236,0.0132,0.0097,0.0054,0,0,0,0,0,0,0
455,0.9164,0.9144,0.9228,0.9179,0.9175,0.914,0.91,0.9161,0.9197,0.9165,0.9123,0.9209,0.9232,0.9152,0.9077,0.912,0.9172,0.916,0.9143,0.9205,0.8968,0.9129,0.9066,0.9152,0.9125,0.909,0.9152,0.915,0.9108,0.9012,0.9198,0.9156,0.9079,0.9206,0.912,0.9161,0.9061,0.9077,0.9155,0.9114,0.9241,0.9148,0.9137,0.9121,0.9079,0.9233,0.9179,0.9095,0.9167,0.9052,0.9089,0.9144,0.8992,0.9029,0.9031,0.9053,0.9008,0.9063,0.9008,0.8985,0.9181,0.9083,0.9193,0.9016,0.8996,0.9166,0.9121,0.8958,0.913,0.8705,0.7461,0.8535,0.6559,0.6573,0.6699,0.6602,0.5867,0.5082,0.5913,0.531,0.3498,0.2138,0.2738,0.186,0.145,0.1401,0.1876,0.0814,0.0699,0.0327,0.0337,0.026,0.0102,0.0026,0,0,0,0,0,0
460,0.9216,0.9243,0.9279,0.9257,0.9269,0.9257,0.9206,0.9188,0.9271,0.9264,0.9234,0.9303,0.9261,0.9238,0.9238,0.9207,0.9275,0.9249,0.9239,0.9284,0.9174,0.9248,0.9137,0.9269,0.925,0.9173,0.9246,0.9244,0.9219,0.9202,0.9275,0.9226,0.9228,0.9265,0.9265,0.9233,0.9139,0.9227,0.9229,0.9244,0.9281,0.9254,0.9212,0.9224,0.9227,0.9282,0.9294,0.9219,0.9272,0.9202,0.9211,0.9234,0.9167,0.9227,0.9259,0.9214,0.9197,0.9163,0.9219,0.9077,0.9273,0.92,0.9259,0.9149,0.9096,0.9307,0.9279,0.9109,0.9205,0.8927,0.7759,0.8926,0.6939,0.6928,0.7147,0.7087,0.6418,0.5539,0.6303,0.5686,0.3954,0.2416,0.3229,0.2125,0.1804,0.1672,0.2115,0.1009,0.0949,0.0422,0.0633,0.0494,0.0265,0.0083,0.0021,0,0,0,0,0
465,0.93,0.9257,0.9294,0.9338,0.9306,0.9324,0.9246,0.9267,0.9328,0.931,0.9309,0.9335,0.9356,0.9344,0.9278,0.9311,0.934,0.93,0.9318,0.9311,0.9259,0.9326,0.9245,0.9315,0.9284,0.9291,0.9314,0.9314,0.9303,0.9301,0.9315,0.9273,0.9298,0.9277,0.9279,0.932,0.927,0.9316,0.9239,0.9309,0.9345,0.9302,0.9311,0.9278,0.9301,0.9305,0.93,0.929,0.931,0.927,0.9261,0.934,0.9304,0.9298,0.9329,0.93,0.9295,0.9285,0.9274,0.9204,0.9306,0.9306,0.9348,0.925,0.9182,0.933,0.9316,0.9243,0.9254,0.902,0.824,0.9174,0.7766,0.7455,0.7733,0.7743,0.7136,0.6219,0.6774,0.6325,0.4374,0.2936,0.3524,0.2491,0.2058,0.2214,0.2598,0.136,0.1531,0.0705,0.1046,0.0856,0.0578,0.0168,0.0093,0.0008,0.0005,0,0,0
470,0.9322,0.9361,0.9299,0.9356,0.9364,0.9341,0.9287,0.9366,0.9375,0.9333,0.9372,0.9371,0.9365,0.9384,0.9318,0.934,0.9403,0.9326,0.9362,0.9339,0.9338,0.9352,0.9344,0.9325,0.9322,0.9347,0.9336,0.9381,0.9333,0.9342,0.939,0.9347,0.9314,0.9353,0.932,0.9342,0.932,0.9369,0.9335,0.9321,0.9359,0.9355,0.9367,0.9341,0.9315,0.9371,0.9301,0.9308,0.9348,0.9339,0.9332,0.934,0.9323,0.9306,0.935,0.9329,0.9344,0.9302,0.9299,0.9288,0.9357,0.9336,0.9355,0.9316,0.9281,0.9356,0.9378,0.9297,0.931,0.9118,0.8826,0.9305,0.8248,0.795,0.832,0.8322,0.7718,0.6893,0.7271,0.6943,0.5038,0.3491,0.3992,0.2994,0.252,0.2843,0.3173,0.1722,0.2304,0.1068,0.1491,0.1361,0.1016,0.0307,0.0297,0.0055,0.003,0.0008,0.0002,0
475,0.9392,0.9378,0.9424,0.9449,0.9434,0.9397,0.9386,0.9394,0.9432,0.9375,0.944,0.9442,0.9467,0.9419,0.9359,0.9352,0.945,0.9371,0.9405,0.9361,0.9383,0.9452,0.9351,0.9396,0.9356,0.9382,0.9442,0.9472,0.941,0.9434,0.9405,0.9385,0.9378,0.9375,0.9412,0.9412,0.9344,0.9384,0.9405,0.9383,0.9388,0.9394,0.9397,0.9366,0.9315,0.9444,0.9378,0.9352,0.9419,0.938,0.9417,0.9341,0.9357,0.9328,0.9355,0.9364,0.9365,0.937,0.9318,0.9358,0.9381,0.9374,0.9452,0.9379,0.9362,0.9428,0.9415,0.9353,0.9369,0.9303,0.9134,0.9467,0.8705,0.8469,0.8663,0.8785,0.8246,0.7588,0.7788,0.7619,0.5542,0.4072,0.4483,0.3475,0.3044,0.3471,0.3835,0.2101,0.2881,0.1516,0.1989,0.1875,0.1492,0.0528,0.0564,0.016,0.0132,0.0077,0.0026,0.0001
480,0.9441,0.9417,0.9465,0.9556,0.9465,0.9468,0.9444,0.9484,0.9521,0.9489,0.9509,0.9552,0.9554,0.9479,0.9428,0.9407,0.951,0.9514,0.9418,0.9484,0.943,0.9476,0.9425,0.9438,0.9437,0.9443,0.9492,0.956,0.9511,0.9446,0.9406,0.949,0.9414,0.945,0.9427,0.9519,0.9396,0.9391,0.95,0.9445,0.95,0.9442,0.9399,0.945,0.9469,0.9492,0.9532,0.9464,0.9501,0.9413,0.9475,0.9438,0.9391,0.9446,0.9413,0.938,0.9386,0.9391,0.9438,0.9399,0.9489,0.9425,0.954,0.9434,0.9468,0.9546,0.9481,0.9398,0.9444,0.9394,0.9192,0.949,0.9106,0.8919,0.893,0.9045,0.8702,0.8267,0.8317,0.825,0.609,0.4691,0.4973,0.4103,0.3578,0.3994,0.4439,0.2489,0.3475,0.192,0.2412,0.2335,0.1872,0.0804,0.0903,0.0309,0.0306,0.024,0.0067,0.0035
485,0.955,0.9505,0.9565,0.9661,0.9565,0.9507,0.9529,0.9551,0.9611,0.9554,0.9514,0.9642,0.9653,0.9579,0.9521,0.9519,0.9601,0.9594,0.957,0.9552,0.9482,0.9547,0.9533,0.9564,0.9545,0.9544,0.9572,0.9631,0.9588,0.9537,0.962,0.9559,0.9546,0.9549,0.9568,0.9559,0.9525,0.9539,0.9528,0.9545,0.9612,0.9528,0.9488,0.9534,0.9581,0.9531,0.9559,0.9583,0.9549,0.9474,0.9516,0.96,0.9514,0.9511,0.9535,0.9459,0.9434,0.9474,0.9509,0.9487,0.9605,0.9474,0.9609,0.952,0.9557,0.9613,0.9566,0.9426,0.9524,0.947,0.9302,0.953,0.9523,0.9275,0.9054,0.9184,0.914,0.8742,0.8753,0.8575,0.6639,0.5341,0.5503,0.477,0.4106,0.4486,0.5053,0.2949,0.4028,0.2381,0.3024,0.2855,0.2536,0.1284,0.1197,0.0826,0.0575,0.08,0.0145,0.0119
490,0.9638,0.9687,0.9608,0.9701,0.963,0.9592,0.9658,0.9571,0.9727,0.9649,0.9649,0.9759,0.971,0.9642,0.9621,0.9586,0.9709,0.9627,0.9618,0.9665,0.949,0.9664,0.9658,0.9633,0.9599,0.9603,0.9683,0.9728,0.966,0.9583,0.9707,0.965,0.9644,0.9659,0.9654,0.9625,0.9612,0.9689,0.9585,0.9599,0.9639,0.9638,0.967,0.9597,0.9614,0.9655,0.9572,0.9654,0.9594,0.9603,0.9617,0.9625,0.9638,0.9626,0.9659,0.9624,0.9603,0.9494,0.9559,0.959,0.966,0.9587,0.9735,0.9585,0.9677,0.9649,0.9662,0.9559,0.9623,0.9513,0.9436,0.9594,0.9663,0.952,0.919,0.9369,0.9376,0.9105,0.9084,0.8905,0.7243,0.5916,0.5979,0.5405,0.4563,0.5089,0.5715,0.3374,0.4607,0.2785,0.3756,0.3771,0.3341,0.2029,0.1651,0.1431,0.0943,0.1384,0.0282,0.0278
495,0.9703,0.9776,0.9769,0.9767,0.9722,0.9712,0.9791,0.965,0.98,0.971,0.9742,0.9839,0.9744,0.9701,0.9699,0.9617,0.9771,0.9631,0.9712,0.9764,0.9688,0.9762,0.9712,0.9765,0.9673,0.9755,0.9767,0.9826,0.9708,0.97,0.9789,0.9799,0.9731,0.9757,0.975,0.9693,0.9713,0.9706,0.9657,0.9739,0.969,0.9768,0.9743,0.9721,0.9642,0.9797,0.9694,0.9664,0.9737,0.9701,0.9771,0.9705,0.9686,0.9752,0.9746,0.9752,0.9718,0.968,0.9602,0.9684,0.9769,0.9754,0.975,0.9714,0.9691,0.9778,0.9768,0.9634,0.9715,0.9633,0.9515,0.9751,0.9763,0.9713,0.9336,0.9606,0.9525,0.9397,0.9431,0.9361,0.7811,0.6485,0.6413,0.5965,0.5062,0.5622,0.6335,0.3777,0.5169,0.3174,0.4476,0.4525,0.4049,0.263,0.2151,0.2083,0.1361,0.1979,0.0456,0.0486
500,0.9832,0.9831,0.9852,0.9845,0.9827,0.9844,0.9843,0.9792,0.9898,0.9791,0.979,0.9905,0.9874,0.9844,0.9794,0.9656,0.9831,0.986,0.9754,0.986,0.9795,0.9862,0.976,0.9851,0.9777,0.9851,0.9844,0.9903,0.9836,0.9779,0.9842,0.9868,0.977,0.9779,0.9819,0.981,0.9742,0.978,0.9762,0.9828,0.9896,0.9839,0.9827,0.9805,0.9818,0.9872,0.9815,0.9745,0.9858,0.9812,0.9863,0.9854,0.9749,0.9762,0.9851,0.9804,0.981,0.9779,0.9765,0.9805,0.9828,0.985,0.9751,0.9775,0.9794,0.9901,0.9841,0.9769,0.9815,0.9765,0.9702,0.9878,0.9823,0.9793,0.9444,0.9835,0.9785,0.9547,0.9705,0.9597,0.8391,0.7032,0.6811,0.6465,0.5573,0.6211,0.6887,0.4146,0.567,0.3688,0.5024,0.5109,0.4457,0.3083,0.2644,0.2484,0.1634,0.239,0.0658,0.0658
505,0.9917,0.9861,0.9904,0.9902,0.9872,0.9922,0.9925,0.9879,0.9981,0.9853,0.9865,0.9942,0.9922,0.9912,0.9887,0.9868,0.9907,0.9936,0.9894,0.9941,0.9856,0.9904,0.9854,0.9894,0.9869,0.9942,0.9881,0.9943,0.9941,0.9924,0.9975,0.9913,0.9889,0.9849,0.9896,0.9914,0.9881,0.9905,0.988,0.9929,0.9956,0.9887,0.9929,0.9876,0.9897,0.9911,0.9907,0.9918,0.9882,0.9837,0.9928,0.9939,0.9864,0.9767,0.9894,0.9915,0.983,0.9873,0.9895,0.985,0.9911,0.9893,0.9928,0.9873,0.9924,0.9969,0.9886,0.9858,0.9904,0.9839,0.9823,0.9962,0.9934,0.9885,0.9605,0.988,0.9895,0.9713,0.9877,0.9835,0.8928,0.7518,0.7266,0.6917,0.6108,0.6767,0.7403,0.4641,0.6265,0.4323,0.5712,0.5566,0.506,0.3661,0.308,0.3011,0.2235,0.2895,0.1014,0.1035
510,0.9965,0.9964,0.9917,0.9962,0.9914,0.9948,0.9974,0.995,0.9999,0.9948,0.9928,0.9976,0.9982,0.9977,0.9952,0.9913,0.9934,0.9975,0.9974,0.9965,0.9919,0.9906,0.995,0.99,0.9906,0.996,0.9931,0.9948,0.9972,0.9959,1,0.9948,0.9962,0.9921,0.9927,0.9928,0.9921,0.9955,0.9931,0.9971,0.9975,0.9963,0.9959,0.9945,0.995,0.9989,0.9977,0.9955,0.9969,0.9955,0.998,0.9979,0.9948,0.9938,0.9956,0.994,0.9967,0.9921,0.9962,0.9883,0.994,0.9924,0.9975,0.994,0.9975,0.9969,0.9943,0.9949,0.9967,0.9931,0.9884,0.9987,0.9959,0.9936,0.9823,0.9952,0.997,0.9818,0.997,0.9928,0.9245,0.7962,0.7703,0.7457,0.6675,0.7235,0.7904,0.5172,0.6848,0.4922,0.6495,0.621,0.5744,0.4596,0.3773,0.3585,0.2746,0.3431,0.1375,0.1453
515,0.9999,0.9999,0.9999,0.9999,0.9965,0.9987,0.9988,0.9986,1,0.9964,0.995,0.9999,0.9997,1,0.9999,0.9963,0.9975,0.9998,0.998,1,0.998,0.9998,0.9985,0.9992,0.9926,0.9993,0.9978,0.9948,0.9999,0.9987,1,0.9994,0.9988,0.9977,0.9999,0.9989,0.9965,0.9994,0.9967,0.9999,0.9999,0.9999,1,0.9994,0.9981,1,0.9984,0.9997,0.9998,0.9991,0.9982,0.9999,0.9975,0.9986,0.9977,0.9988,0.9988,0.9981,0.9991,0.9994,0.9987,0.9977,0.9987,0.9982,0.9985,0.9999,1,0.9986,0.9991,0.9975,0.9948,0.9999,0.9974,0.9969,0.9897,0.999,0.9991,0.9897,0.9994,0.9963,0.9516,0.8374,0.8103,0.8026,0.7207,0.7776,0.8433,0.5655,0.7398,0.5559,0.7266,0.6942,0.6391,0.5338,0.431,0.4117,0.3166,0.3933,0.1619,0.1771
520,1,1,1,1,0.9999,1,1,1,1,0.9967,0.9985,1,1,1,1,0.9997,0.9999,0.9999,0.9999,1,0.9999,1,0.9999,1,0.9941,1,0.998,0.9953,1,0.9999,1,1,1,1,1,1,0.9999,0.9999,1,1,1,1,1,1,0.9999,1,0.9984,1,1,1,0.9999,1,0.9979,0.9992,1,1,1,0.9996,1,1,1,1,1,0.9999,1,1,1,1,0.9999,0.9983,0.9996,0.9999,0.9999,0.9999,0.9995,0.9999,0.9999,0.9998,0.9999,0.9999,0.9676,0.875,0.8479,0.8652,0.7682,0.8244,0.8837,0.6173,0.7813,0.6223,0.8068,0.7578,0.6961,0.5948,0.4762,0.4665,0.3575,0.4379,0.1908,0.2203
525,1,1,1,1,1,1,1,1,1,0.9977,1,1,1,1,1,1,1,1,1,1,1,1,1,1,0.9999,1,1,0.997,1,1,1,1,1,1,1,1,1,1,1,1,1,1,1,1,1,1,0.9999,1,1,1,1,1,1,1,1,1,1,1,1,1,1,1,1,1,1,1,1,1,1,1,1,1,1,1,0.9997,1,1,1,1,0.9999,0.9911,0.9357,0.8925,0.9264,0.8305,0.886,0.9425,0.68,0.8539,0.6905,0.8832,0.8327,0.7685,0.6495,0.5217,0.5382,0.4158,0.4988,0.2512,0.2834
530,1,1,1,1,1,1,1,1,1,0.9997,1,1,1,1,1,1,1,1,1,1,1,1,1,1,1,1,1,0.9998,1,1,1,1,1,1,1,1,1,1,1,1,1,1,1,1,1,1,1,1,1,1,1,1,1,1,1,1,1,1,1,1,1,1,1,1,1,1,1,1,1,1,1,1,1,1,1,1,1,1,1,1,0.9999,0.9764,0.945,0.9634,0.9112,0.9498,0.9867,0.7579,0.9237,0.7741,0.9218,0.8487,0.8437,0.7192,0.5917,0.6168,0.4908,0.5661,0.3109,0.3415
535,1,1,1,1,1,1,1,1,1,1,1,1,1,1,1,1,1,1,1,1,1,1,1,1,1,1,1,1,1,1,1,1,1,1,1,1,1,1,1,1,1,1,1,1,1,1,1,1,1,1,1,1,1,1,1,1,1,1,1,1,1,1,1,1,1,1,1,1,1,1,1,1,1,1,1,1,1,1,1,1,0.9999,0.997,0.9813,0.9818,0.9705,0.9859,0.999,0.8407,0.971,0.8625,0.9579,0.8578,0.9169,0.8101,0.6659,0.6862,0.5567,0.644,0.3754,0.4014
540,1,1,1,1,1,1,1,1,1,1,1,1,1,1,1,1,1,1,1,1,1,1,1,1,1,1,1,1,1,1,1,1,1,1,1,1,1,1,1,1,1,1,1,1,1,1,1,1,1,1,1,1,1,1,1,1,1,1,1,1,1,1,1,1,1,1,1,1,1,1,1,1,1,1,1,1,1,1,1,1,1,0.9998,0.9983,0.9934,0.9925,0.9973,0.9999,0.9045,0.9937,0.9258,0.9887,0.8771,0.9562,0.8705,0.7449,0.7482,0.6198,0.712,0.4492,0.477
545,1,1,1,1,1,1,1,1,1,1,1,1,1,1,1,1,1,1,1,1,1,1,1,1,1,1,1,1,1,1,1,1,1,1,1,1,1,1,1,1,1,1,1,1,1,1,1,1,1,1,1,1,1,1,1,1,1,1,1,1,1,1,1,1,1,1,1,1,1,1,1,1,1,1,1,1,1,1,1,1,1,0.9998,0.9989,0.9994,0.9998,0.9999,0.9999,0.9517,0.9998,0.9755,0.9975,0.8941,0.9803,0.9122,0.8178,0.8191,0.7114,0.7844,0.529,0.5726
550,1,1,1,1,1,1,1,1,1,1,1,1,1,1,1,1,1,1,1,1,1,1,1,1,1,1,1,1,1,1,1,1,1,1,1,1,1,1,1,1,1,1,1,1,1,1,1,1,1,1,1,1,1,1,1,1,1,1,1,1,1,1,1,1,1,1,1,1,1,1,1,1,1,1,1,1,1,1,1,1,1,0.9998,0.9999,0.9995,0.9999,0.9999,0.9999,0.9871,0.9999,0.9973,0.9999,0.912,0.9957,0.9355,0.88,0.8529,0.805,0.8763,0.6299,0.6732
555,1,1,1,1,1,1,1,1,1,1,1,1,1,1,1,1,1,1,1,1,1,1,1,1,1,1,1,1,1,1,1,1,1,1,1,1,1,1,1,1,1,1,1,1,1,1,1,1,1,1,1,1,1,1,1,1,1,1,1,1,1,1,1,1,1,1,1,1,1,1,1,1,1,1,1,1,1,1,1,1,1,0.9998,0.9999,0.9999,0.9999,0.9999,0.9999,0.9976,0.9999,0.9992,0.9999,0.9376,0.9991,0.9715,0.9235,0.8654,0.9307,0.9406,0.729,0.7817
560,1,1,1,1,1,1,1,1,1,1,1,1,1,1,1,1,1,1,1,1,1,1,1,1,1,1,1,1,1,1,1,1,1,1,1,1,1,1,1,1,1,1,1,1,1,1,1,1,1,1,1,1,1,1,1,1,1,1,1,1,1,1,1,1,1,1,1,1,1,1,1,1,1,1,1,1,1,1,1,1,1,0.9998,0.9999,0.9999,0.9999,0.9999,0.9999,0.9999,0.9999,0.9994,0.9999,0.9725,0.9994,0.999,0.9749,0.8738,0.9759,0.985,0.8169,0.8719
565,1,1,1,1,1,1,1,1,1,1,1,1,1,1,1,1,1,1,1,1,1,1,1,1,1,1,1,1,1,1,1,1,1,1,1,1,1,1,1,1,1,1,1,1,1,1,1,1,1,1,1,1,1,1,1,1,1,1,1,1,1,1,1,1,1,1,1,1,1,1,1,1,1,1,1,1,1,1,1,1,1,0.9998,0.9999,0.9999,0.9999,0.9999,0.9999,0.9999,0.9999,0.9994,1,0.9994,0.9999,0.9999,0.9948,0.9058,0.9932,0.9965,0.8909,0.9502
570,1,1,1,1,1,1,1,1,1,1,1,1,1,1,1,1,1,1,1,1,1,1,1,1,1,1,1,1,1,1,1,1,1,1,1,1,1,1,1,1,1,1,1,1,1,1,1,1,1,1,1,1,1,1,1,1,1,1,1,1,1,1,1,1,1,1,1,1,1,1,1,1,1,1,1,1,1,1,1,1,1,1,0.9999,0.9999,0.9999,1,1,1,0.9999,0.9994,1,0.9999,0.9999,0.9999,0.9966,0.977,0.9998,0.9983,0.9571,0.9937
575,1,1,1,1,1,1,1,1,1,1,1,1,1,1,1,1,1,1,1,1,1,1,1,1,1,1,1,1,1,1,1,1,1,1,1,1,1,1,1,1,1,1,1,1,1,1,1,1,1,1,1,1,1,1,1,1,1,1,1,1,1,1,1,1,1,1,1,1,1,1,1,1,1,1,1,1,1,1,1,1,1,1,1,1,1,1,1,1,1,1,1,0.9999,0.9999,0.9999,0.9987,0.9987,0.9998,0.9992,0.9942,0.9999
580,1,1,1,1,1,1,1,1,1,1,1,1,1,1,1,1,1,1,1,1,1,1,1,1,1,1,1,1,1,1,1,1,1,1,1,1,1,1,1,1,1,1,1,1,1,1,1,1,1,1,1,1,1,1,1,1,1,1,1,1,1,1,1,1,1,1,1,1,1,1,1,1,1,1,1,1,1,1,1,1,1,1,1,1,1,1,1,1,1,1,1,0.9999,0.9999,0.9999,0.9999,0.9999,0.9998,0.9999,0.9992,0.9999
585,1,1,1,1,1,1,1,1,1,1,1,1,1,1,1,1,1,1,1,1,1,1,1,1,1,1,1,1,1,1,1,1,1,1,1,1,1,1,1,1,1,1,1,1,1,1,1,1,1,1,1,1,1,1,1,1,1,1,1,1,1,1,1,1,1,1,1,1,1,1,1,1,1,1,1,1,1,1,1,1,1,1,1,1,1,1,1,1,1,1,1,0.9999,0.9999,0.9999,0.9999,0.9999,0.9998,0.9999,0.9999,0.9999
590,1,1,1,1,1,1,1,1,1,1,1,1,1,1,1,1,1,1,1,1,1,1,1,1,1,1,1,1,1,1,1,1,1,1,1,1,1,1,1,1,1,1,1,1,1,1,1,1,1,1,1,1,1,1,1,1,1,1,1,1,1,1,1,1,1,1,1,1,1,1,1,1,1,1,1,1,1,1,1,1,1,1,1,1,1,1,1,1,1,1,1,0.9999,0.9999,0.9999,0.9999,0.9999,0.9998,0.9999,0.9999,0.9999
595,1,1,1,1,1,1,1,1,1,1,1,1,1,1,1,1,1,1,1,1,1,1,1,1,1,1,1,1,1,1,1,1,1,1,1,1,1,1,1,1,1,1,1,1,1,1,1,1,1,1,1,1,1,1,1,1,1,1,1,1,1,1,1,1,1,1,1,1,1,1,1,1,1,1,1,1,1,1,1,1,1,1,1,1,1,1,1,1,1,1,1,0.9999,0.9999,0.9999,0.9999,0.9999,0.9998,0.9999,0.9999,0.9999
600,1,1,1,1,1,1,1,1,1,1,1,1,1,1,1,1,1,1,1,1,1,1,1,1,1,1,1,1,1,1,1,1,1,1,1,1,1,1,1,1,1,1,1,1,1,1,1,1,1,1,1,1,1,1,1,1,1,1,1,1,1,1,1,1,1,1,1,1,1,1,1,1,1,1,1,1,1,1,1,1,1,1,1,1,1,1,1,1,1,1,1,0.9999,1,0.9999,0.9999,0.9999,0.9998,0.9999,1,0.9999
605,1,1,1,1,1,1,1,1,1,1,1,1,1,1,1,1,1,1,1,1,1,1,1,1,1,1,1,1,1,1,1,1,1,1,1,1,1,1,1,1,1,1,1,1,1,1,1,1,1,1,1,1,1,1,1,1,1,1,1,1,1,1,1,1,1,1,1,1,1,1,1,1,1,1,1,1,1,1,1,1,1,1,1,1,1,1,1,1,1,1,1,1,1,1,1,1,1,1,1,1
610,1,1,1,1,1,1,1,1,1,1,1,1,1,1,1,1,1,1,1,1,1,1,1,1,1,1,1,1,1,1,1,1,1,1,1,1,1,1,1,1,1,1,1,1,1,1,1,1,1,1,1,1,1,1,1,1,1,1,1,1,1,1,1,1,1,1,1,1,1,1,1,1,1,1,1,1,1,1,1,1,1,1,1,1,1,1,1,1,1,1,1,1,1,1,1,1,1,1,1,1
615,1,1,1,1,1,1,1,1,1,1,1,1,1,1,1,1,1,1,1,1,1,1,1,1,1,1,1,1,1,1,1,1,1,1,1,1,1,1,1,1,1,1,1,1,1,1,1,1,1,1,1,1,1,1,1,1,1,1,1,1,1,1,1,1,1,1,1,1,1,1,1,1,1,1,1,1,1,1,1,1,1,1,1,1,1,1,1,1,1,1,1,1,1,1,1,1,1,1,1,1
